"browserDetails","executeTC_MultipleTestData","GamingTestData.GamingBrowserEnvDetails","ReusableBlocks\LocaleSelector.LocaleSelector","","",
" "," "," "," "," "," ",
" "," "," "," "," "," ",
" "," "," "," "," "," ",
" "," "," "," "," "," ",
" "," "," "," "," "," ",
" "," "," "," "," "," ",
" "," "," "," "," "," ",
" "," "," "," "," "," ",
" "," "," "," "," "," ",
" "," "," "," "," "," ",
" "," "," "," "," "," ",
" "," "," "," "," "," ",
" "," "," "," "," "," ",
" "," "," "," "," "," ",
" "," "," "," "," "," ",
" "," "," "," "," "," ",
" "," "," "," "," "," ",
" "," "," "," "," "," ",
" "," "," "," "," "," ",
" "," "," "," "," "," ",
" "," "," "," "," "," ",
" "," "," "," "," "," ",
" "," "," "," "," "," ",
" "," "," "," "," "," ",
" "," "," "," "," "," ",
" "," "," "," "," "," ",
" "," "," "," "," "," ",
" "," "," "," "," "," ",
" "," "," "," "," "," ",
" "," "," "," "," "," ",
" "," "," "," "," "," ",
" "," "," "," "," "," ",
" "," "," "," "," "," ",
" "," "," "," "," "," ",
" "," "," "," "," "," ",
" "," "," "," "," "," ",
" "," "," "," "," "," ",
" "," "," "," "," "," ",
" "," "," "," "," "," ",
" "," "," "," "," "," ",
" "," "," "," "," "," ",
" "," "," "," "," "," ",
" "," "," "," "," "," ",
" "," "," "," "," "," ",
" "," "," "," "," "," ",
" "," "," "," "," "," ",
" "," "," "," "," "," ",
" "," "," "," "," "," ",
" "," "," "," "," "," ",
" "," "," "," "," "," ",
" "," "," "," "," "," ",
" "," "," "," "," "," ",
" "," "," "," "," "," ",
" "," "," "," "," "," ",
" "," "," "," "," "," ",
" "," "," "," "," "," ",
" "," "," "," "," "," ",
" "," "," "," "," "," ",
" "," "," "," "," "," ",
" "," "," "," "," "," ",
" "," "," "," "," "," ",
" "," "," "," "," "," ",
" "," "," "," "," "," ",
" "," "," "," "," "," ",
" "," "," "," "," "," ",
" "," "," "," "," "," ",
" "," "," "," "," "," ",
" "," "," "," "," "," ",
" "," "," "," "," "," ",
" "," "," "," "," "," ",
" "," "," "," "," "," ",
" "," "," "," "," "," ",
" "," "," "," "," "," ",
" "," "," "," "," "," ",
" "," "," "," "," "," ",
" "," "," "," "," "," ",
" "," "," "," "," "," ",
" "," "," "," "," "," ",
" "," "," "," "," "," ",
" "," "," "," "," "," ",
" "," "," "," "," "," ",
" "," "," "," "," "," ",
" "," "," "," "," "," ",
" "," "," "," "," "," ",
" "," "," "," "," "," ",
" "," "," "," "," "," ",
" "," "," "," "," "," ",
" "," "," "," "," "," ",
" "," "," "," "," "," ",
" "," "," "," "," "," ",
" "," "," "," "," "," ",
" "," "," "," "," "," ",
" "," "," "," "," "," ",
" "," "," "," "," "," ",
" "," "," "," "," "," ",
" "," "," "," "," "," ",
" "," "," "," "," "," ",
" "," "," "," "," "," ",
" "," "," "," "," "," ",
" "," "," "," "," "," ",
" "," "," "," "," "," ",
" "," "," "," "," "," ",
" "," "," "," "," "," ",
" "," "," "," "," "," ",
" "," "," "," "," "," ",
" "," "," "," "," "," ",
" "," "," "," "," "," ",
" "," "," "," "," "," ",
" "," "," "," "," "," ",
" "," "," "," "," "," ",
" "," "," "," "," "," ",
" "," "," "," "," "," ",
" "," "," "," "," "," ",
" "," "," "," "," "," ",
" "," "," "," "," "," ",
" "," "," "," "," "," ",
" "," "," "," "," "," ",
" "," "," "," "," "," ",
" "," "," "," "," "," ",
" "," "," "," "," "," ",
" "," "," "," "," "," ",
" "," "," "," "," "," ",
" "," "," "," "," "," ",
" "," "," "," "," "," ",
" "," "," "," "," "," ",
" "," "," "," "," "," ",
" "," "," "," "," "," ",
" "," "," "," "," "," ",
" "," "," "," "," "," ",
" "," "," "," "," "," ",
" "," "," "," "," "," ",
" "," "," "," "," "," ",
" "," "," "," "," "," ",
" "," "," "," "," "," ",
" "," "," "," "," "," ",
" "," "," "," "," "," ",
" "," "," "," "," "," ",
" "," "," "," "," "," ",
" "," "," "," "," "," ",
" "," "," "," "," "," ",
" "," "," "," "," "," ",
" "," "," "," "," "," ",
" "," "," "," "," "," ",
" "," "," "," "," "," ",
" "," "," "," "," "," ",
" "," "," "," "," "," ",
" "," "," "," "," "," ",
" "," "," "," "," "," ",
" "," "," "," "," "," ",
" "," "," "," "," "," ",
" "," "," "," "," "," ",
" "," "," "," "," "," ",
" "," "," "," "," "," ",
" "," "," "," "," "," ",
" "," "," "," "," "," ",
" "," "," "," "," "," ",
" "," "," "," "," "," ",
" "," "," "," "," "," ",
" "," "," "," "," "," ",
" "," "," "," "," "," ",
" "," "," "," "," "," ",
" "," "," "," "," "," ",
" "," "," "," "," "," ",
" "," "," "," "," "," ",
" "," "," "," "," "," ",
" "," "," "," "," "," ",
" "," "," "," "," "," ",
" "," "," "," "," "," ",
" "," "," "," "," "," ",
" "," "," "," "," "," ",
" "," "," "," "," "," ",
" "," "," "," "," "," ",
" "," "," "," "," "," ",
" "," "," "," "," "," ",
" "," "," "," "," "," ",
" "," "," "," "," "," ",
" "," "," "," "," "," ",
" "," "," "," "," "," ",
" "," "," "," "," "," ",
" "," "," "," "," "," ",
" "," "," "," "," "," ",
" "," "," "," "," "," ",
" "," "," "," "," "," ",
" "," "," "," "," "," ",
" "," "," "," "," "," ",
" "," "," "," "," "," ",
" "," "," "," "," "," ",
" "," "," "," "," "," ",
" "," "," "," "," "," ",
" "," "," "," "," "," ",
" "," "," "," "," "," ",
" "," "," "," "," "," ",
" "," "," "," "," "," ",
" "," "," "," "," "," ",
" "," "," "," "," "," ",
" "," "," "," "," "," ",
" "," "," "," "," "," ",
" "," "," "," "," "," ",
" "," "," "," "," "," ",
" "," "," "," "," "," ",
" "," "," "," "," "," ",
" "," "," "," "," "," ",
" "," "," "," "," "," ",
" "," "," "," "," "," ",
" "," "," "," "," "," ",
" "," "," "," "," "," ",
" "," "," "," "," "," ",
" "," "," "," "," "," ",
" "," "," "," "," "," ",
" "," "," "," "," "," ",
" "," "," "," "," "," ",
" "," "," "," "," "," ",
" "," "," "," "," "," ",
" "," "," "," "," "," ",
" "," "," "," "," "," ",
" "," "," "," "," "," ",
" "," "," "," "," "," ",
" "," "," "," "," "," ",
" "," "," "," "," "," ",
" "," "," "," "," "," ",
" "," "," "," "," "," ",
" "," "," "," "," "," ",
" "," "," "," "," "," ",
" "," "," "," "," "," ",
" "," "," "," "," "," ",
" "," "," "," "," "," ",
" "," "," "," "," "," ",
" "," "," "," "," "," ",
" "," "," "," "," "," ",
" "," "," "," "," "," ",
" "," "," "," "," "," ",
" "," "," "," "," "," ",
" "," "," "," "," "," ",
" "," "," "," "," "," ",
" "," "," "," "," "," ",
" "," "," "," "," "," ",
" "," "," "," "," "," ",
" "," "," "," "," "," ",
" "," "," "," "," "," ",
" "," "," "," "," "," ",
" "," "," "," "," "," ",
" "," "," "," "," "," ",
" "," "," "," "," "," ",
" "," "," "," "," "," ",
" "," "," "," "," "," ",
" "," "," "," "," "," ",
" "," "," "," "," "," ",
" "," "," "," "," "," ",
" "," "," "," "," "," ",
" "," "," "," "," "," ",
" "," "," "," "," "," ",
" "," "," "," "," "," ",
" "," "," "," "," "," ",
" "," "," "," "," "," ",
" "," "," "," "," "," ",
" "," "," "," "," "," ",
" "," "," "," "," "," ",
" "," "," "," "," "," ",
" "," "," "," "," "," ",
" "," "," "," "," "," ",
" "," "," "," "," "," ",
" "," "," "," "," "," ",
" "," "," "," "," "," ",
" "," "," "," "," "," ",
" "," "," "," "," "," ",
" "," "," "," "," "," ",
" "," "," "," "," "," ",
" "," "," "," "," "," ",
" "," "," "," "," "," ",
" "," "," "," "," "," ",
" "," "," "," "," "," ",
" "," "," "," "," "," ",
" "," "," "," "," "," ",
" "," "," "," "," "," ",
" "," "," "," "," "," ",
" "," "," "," "," "," ",
" "," "," "," "," "," ",
" "," "," "," "," "," ",
" "," "," "," "," "," ",
" "," "," "," "," "," ",
" "," "," "," "," "," ",
" "," "," "," "," "," ",
" "," "," "," "," "," ",
" "," "," "," "," "," ",
" "," "," "," "," "," ",
" "," "," "," "," "," ",
" "," "," "," "," "," ",
" "," "," "," "," "," ",
" "," "," "," "," "," ",
" "," "," "," "," "," ",
" "," "," "," "," "," ",
" "," "," "," "," "," ",
" "," "," "," "," "," ",
" "," "," "," "," "," ",
" "," "," "," "," "," ",
" "," "," "," "," "," ",
" "," "," "," "," "," ",
" "," "," "," "," "," ",
" "," "," "," "," "," ",
" "," "," "," "," "," ",
" "," "," "," "," "," ",
" "," "," "," "," "," ",
" "," "," "," "," "," ",
" "," "," "," "," "," ",
" "," "," "," "," "," ",
" "," "," "," "," "," ",
" "," "," "," "," "," ",
" "," "," "," "," "," ",
" "," "," "," "," "," ",
" "," "," "," "," "," ",
" "," "," "," "," "," ",
" "," "," "," "," "," ",
" "," "," "," "," "," ",
" "," "," "," "," "," ",
" "," "," "," "," "," ",
" "," "," "," "," "," ",
" "," "," "," "," "," ",
" "," "," "," "," "," ",
" "," "," "," "," "," ",
" "," "," "," "," "," ",
" "," "," "," "," "," ",
" "," "," "," "," "," ",
" "," "," "," "," "," ",
" "," "," "," "," "," ",
" "," "," "," "," "," ",
" "," "," "," "," "," ",
" "," "," "," "," "," ",
" "," "," "," "," "," ",
" "," "," "," "," "," ",
" "," "," "," "," "," ",
" "," "," "," "," "," ",
" "," "," "," "," "," ",
" "," "," "," "," "," ",
" "," "," "," "," "," ",
" "," "," "," "," "," ",
" "," "," "," "," "," ",
" "," "," "," "," "," ",
" "," "," "," "," "," ",
" "," "," "," "," "," ",
" "," "," "," "," "," ",
" "," "," "," "," "," ",
" "," "," "," "," "," ",
" "," "," "," "," "," ",
" "," "," "," "," "," ",
" "," "," "," "," "," ",
" "," "," "," "," "," ",
" "," "," "," "," "," ",
" "," "," "," "," "," ",
" "," "," "," "," "," ",
" "," "," "," "," "," ",
" "," "," "," "," "," ",
" "," "," "," "," "," ",
" "," "," "," "," "," ",
" "," "," "," "," "," ",
" "," "," "," "," "," ",
" "," "," "," "," "," ",
" "," "," "," "," "," ",
" "," "," "," "," "," ",
" "," "," "," "," "," ",
" "," "," "," "," "," ",
" "," "," "," "," "," ",
" "," "," "," "," "," ",
" "," "," "," "," "," ",
" "," "," "," "," "," ",
" "," "," "," "," "," ",
" "," "," "," "," "," ",
" "," "," "," "," "," ",
" "," "," "," "," "," ",
" "," "," "," "," "," ",
" "," "," "," "," "," ",
" "," "," "," "," "," ",
" "," "," "," "," "," ",
" "," "," "," "," "," ",
" "," "," "," "," "," ",
" "," "," "," "," "," ",
" "," "," "," "," "," ",
" "," "," "," "," "," ",
" "," "," "," "," "," ",
" "," "," "," "," "," ",
" "," "," "," "," "," ",
" "," "," "," "," "," ",
" "," "," "," "," "," ",
" "," "," "," "," "," ",
" "," "," "," "," "," ",
" "," "," "," "," "," ",
" "," "," "," "," "," ",
" "," "," "," "," "," ",
" "," "," "," "," "," ",
" "," "," "," "," "," ",
" "," "," "," "," "," ",
" "," "," "," "," "," ",
" "," "," "," "," "," ",
" "," "," "," "," "," ",
" "," "," "," "," "," ",
" "," "," "," "," "," ",
" "," "," "," "," "," ",
" "," "," "," "," "," ",
" "," "," "," "," "," ",
" "," "," "," "," "," ",
" "," "," "," "," "," ",
" "," "," "," "," "," ",
" "," "," "," "," "," ",
" "," "," "," "," "," ",
" "," "," "," "," "," ",
" "," "," "," "," "," ",
" "," "," "," "," "," ",
" "," "," "," "," "," ",
" "," "," "," "," "," ",
" "," "," "," "," "," ",
" "," "," "," "," "," ",
" "," "," "," "," "," ",
" "," "," "," "," "," ",
" "," "," "," "," "," ",
" "," "," "," "," "," ",
" "," "," "," "," "," ",
" "," "," "," "," "," ",
" "," "," "," "," "," ",
" "," "," "," "," "," ",
" "," "," "," "," "," ",
" "," "," "," "," "," ",
" "," "," "," "," "," ",
" "," "," "," "," "," ",
" "," "," "," "," "," ",
" "," "," "," "," "," ",
" "," "," "," "," "," ",
" "," "," "," "," "," ",
" "," "," "," "," "," ",
" "," "," "," "," "," ",
" "," "," "," "," "," ",
" "," "," "," "," "," ",
" "," "," "," "," "," ",
" "," "," "," "," "," ",
" "," "," "," "," "," ",
" "," "," "," "," "," ",
" "," "," "," "," "," ",
" "," "," "," "," "," ",
" "," "," "," "," "," ",
" "," "," "," "," "," ",
" "," "," "," "," "," ",
" "," "," "," "," "," ",
" "," "," "," "," "," ",
" "," "," "," "," "," ",
" "," "," "," "," "," ",
" "," "," "," "," "," ",
" "," "," "," "," "," ",
" "," "," "," "," "," ",
" "," "," "," "," "," ",
" "," "," "," "," "," ",
" "," "," "," "," "," ",
" "," "," "," "," "," ",
" "," "," "," "," "," ",
" "," "," "," "," "," ",
" "," "," "," "," "," ",
" "," "," "," "," "," ",
" "," "," "," "," "," ",
" "," "," "," "," "," ",
" "," "," "," "," "," ",
" "," "," "," "," "," ",
" "," "," "," "," "," ",
" "," "," "," "," "," ",
" "," "," "," "," "," ",
" "," "," "," "," "," ",
" "," "," "," "," "," ",
" "," "," "," "," "," ",
" "," "," "," "," "," ",
" "," "," "," "," "," ",
" "," "," "," "," "," ",
" "," "," "," "," "," ",
" "," "," "," "," "," ",
" "," "," "," "," "," ",
" "," "," "," "," "," ",
" "," "," "," "," "," ",
" "," "," "," "," "," ",
" "," "," "," "," "," ",
" "," "," "," "," "," ",
" "," "," "," "," "," ",
" "," "," "," "," "," ",
" "," "," "," "," "," ",
" "," "," "," "," "," ",
" "," "," "," "," "," ",
" "," "," "," "," "," ",
" "," "," "," "," "," ",
" "," "," "," "," "," ",
" "," "," "," "," "," ",
" "," "," "," "," "," ",
" "," "," "," "," "," ",
" "," "," "," "," "," ",
" "," "," "," "," "," ",
" "," "," "," "," "," ",
" "," "," "," "," "," ",
" "," "," "," "," "," ",
" "," "," "," "," "," ",
" "," "," "," "," "," ",
" "," "," "," "," "," ",
" "," "," "," "," "," ",
" "," "," "," "," "," ",
" "," "," "," "," "," ",
" "," "," "," "," "," ",
" "," "," "," "," "," ",
" "," "," "," "," "," ",
" "," "," "," "," "," ",
" "," "," "," "," "," ",
" "," "," "," "," "," ",
" "," "," "," "," "," ",
" "," "," "," "," "," ",
" "," "," "," "," "," ",
" "," "," "," "," "," ",
" "," "," "," "," "," ",
" "," "," "," "," "," ",
" "," "," "," "," "," ",
" "," "," "," "," "," ",
" "," "," "," "," "," ",
" "," "," "," "," "," ",
" "," "," "," "," "," ",
" "," "," "," "," "," ",
" "," "," "," "," "," ",
" "," "," "," "," "," ",
" "," "," "," "," "," ",
" "," "," "," "," "," ",
" "," "," "," "," "," ",
" "," "," "," "," "," ",
" "," "," "," "," "," ",
" "," "," "," "," "," ",
" "," "," "," "," "," ",
" "," "," "," "," "," ",
" "," "," "," "," "," ",
" "," "," "," "," "," ",
" "," "," "," "," "," ",
" "," "," "," "," "," ",
" "," "," "," "," "," ",
" "," "," "," "," "," ",
" "," "," "," "," "," ",
" "," "," "," "," "," ",
" "," "," "," "," "," ",
" "," "," "," "," "," ",
" "," "," "," "," "," ",
" "," "," "," "," "," ",
" "," "," "," "," "," ",
" "," "," "," "," "," ",
" "," "," "," "," "," ",
" "," "," "," "," "," ",
" "," "," "," "," "," ",
" "," "," "," "," "," ",
" "," "," "," "," "," ",
" "," "," "," "," "," ",
" "," "," "," "," "," ",
" "," "," "," "," "," ",
" "," "," "," "," "," ",
" "," "," "," "," "," ",
" "," "," "," "," "," ",
" "," "," "," "," "," ",
" "," "," "," "," "," ",
" "," "," "," "," "," ",
" "," "," "," "," "," ",
" "," "," "," "," "," ",
" "," "," "," "," "," ",
" "," "," "," "," "," ",
" "," "," "," "," "," ",
" "," "," "," "," "," ",
" "," "," "," "," "," ",
" "," "," "," "," "," ",
" "," "," "," "," "," ",
" "," "," "," "," "," ",
" "," "," "," "," "," ",
" "," "," "," "," "," ",
" "," "," "," "," "," ",
" "," "," "," "," "," ",
" "," "," "," "," "," ",
" "," "," "," "," "," ",
" "," "," "," "," "," ",
" "," "," "," "," "," ",
" "," "," "," "," "," ",
" "," "," "," "," "," ",
" "," "," "," "," "," ",
" "," "," "," "," "," ",
" "," "," "," "," "," ",
" "," "," "," "," "," ",
" "," "," "," "," "," ",
" "," "," "," "," "," ",
" "," "," "," "," "," ",
" "," "," "," "," "," ",
" "," "," "," "," "," ",
" "," "," "," "," "," ",
" "," "," "," "," "," ",
" "," "," "," "," "," ",
" "," "," "," "," "," ",
" "," "," "," "," "," ",
" "," "," "," "," "," ",
" "," "," "," "," "," ",
" "," "," "," "," "," ",
" "," "," "," "," "," ",
" "," "," "," "," "," ",
" "," "," "," "," "," ",
" "," "," "," "," "," ",
" "," "," "," "," "," ",
" "," "," "," "," "," ",
" "," "," "," "," "," ",
" "," "," "," "," "," ",
" "," "," "," "," "," ",
" "," "," "," "," "," ",
" "," "," "," "," "," ",
" "," "," "," "," "," ",
" "," "," "," "," "," ",
" "," "," "," "," "," ",
" "," "," "," "," "," ",
" "," "," "," "," "," ",
" "," "," "," "," "," ",
" "," "," "," "," "," ",
" "," "," "," "," "," ",
" "," "," "," "," "," ",
" "," "," "," "," "," ",
" "," "," "," "," "," ",
" "," "," "," "," "," ",
" "," "," "," "," "," ",
" "," "," "," "," "," ",
" "," "," "," "," "," ",
" "," "," "," "," "," ",
" "," "," "," "," "," ",
" "," "," "," "," "," ",
" "," "," "," "," "," ",
" "," "," "," "," "," ",
" "," "," "," "," "," ",
" "," "," "," "," "," ",
" "," "," "," "," "," ",
" "," "," "," "," "," ",
" "," "," "," "," "," ",
" "," "," "," "," "," ",
" "," "," "," "," "," ",
" "," "," "," "," "," ",
" "," "," "," "," "," ",
" "," "," "," "," "," ",
" "," "," "," "," "," ",
" "," "," "," "," "," ",
" "," "," "," "," "," ",
" "," "," "," "," "," ",
" "," "," "," "," "," ",
" "," "," "," "," "," ",
" "," "," "," "," "," ",
" "," "," "," "," "," ",
" "," "," "," "," "," ",
" "," "," "," "," "," ",
" "," "," "," "," "," ",
" "," "," "," "," "," ",
" "," "," "," "," "," ",
" "," "," "," "," "," ",
" "," "," "," "," "," ",
" "," "," "," "," "," ",
" "," "," "," "," "," ",
" "," "," "," "," "," ",
" "," "," "," "," "," ",
" "," "," "," "," "," ",
" "," "," "," "," "," ",
" "," "," "," "," "," ",
" "," "," "," "," "," ",
" "," "," "," "," "," ",
" "," "," "," "," "," ",
" "," "," "," "," "," ",
" "," "," "," "," "," ",
" "," "," "," "," "," ",
" "," "," "," "," "," ",
" "," "," "," "," "," ",
" "," "," "," "," "," ",
" "," "," "," "," "," ",
" "," "," "," "," "," ",
" "," "," "," "," "," ",
" "," "," "," "," "," ",
" "," "," "," "," "," ",
" "," "," "," "," "," ",
" "," "," "," "," "," ",
" "," "," "," "," "," ",
" "," "," "," "," "," ",
" "," "," "," "," "," ",
" "," "," "," "," "," ",
" "," "," "," "," "," ",
" "," "," "," "," "," ",
" "," "," "," "," "," ",
" "," "," "," "," "," ",
" "," "," "," "," "," ",
" "," "," "," "," "," ",
" "," "," "," "," "," ",
" "," "," "," "," "," ",
" "," "," "," "," "," ",
" "," "," "," "," "," ",
" "," "," "," "," "," ",
" "," "," "," "," "," ",
" "," "," "," "," "," ",
" "," "," "," "," "," ",
" "," "," "," "," "," ",
" "," "," "," "," "," ",
" "," "," "," "," "," ",
" "," "," "," "," "," ",
" "," "," "," "," "," ",
" "," "," "," "," "," ",
" "," "," "," "," "," ",
" "," "," "," "," "," ",
" "," "," "," "," "," ",
" "," "," "," "," "," ",
" "," "," "," "," "," ",
" "," "," "," "," "," ",
" "," "," "," "," "," ",
" "," "," "," "," "," ",
" "," "," "," "," "," ",
" "," "," "," "," "," ",
" "," "," "," "," "," ",
" "," "," "," "," "," ",
" "," "," "," "," "," ",
" "," "," "," "," "," ",
" "," "," "," "," "," ",
" "," "," "," "," "," ",
" "," "," "," "," "," ",
" "," "," "," "," "," ",
" "," "," "," "," "," ",
" "," "," "," "," "," ",
" "," "," "," "," "," ",
" "," "," "," "," "," ",
" "," "," "," "," "," ",
" "," "," "," "," "," ",
" "," "," "," "," "," ",
" "," "," "," "," "," ",
" "," "," "," "," "," ",
" "," "," "," "," "," ",
" "," "," "," "," "," ",
" "," "," "," "," "," ",
" "," "," "," "," "," ",
" "," "," "," "," "," ",
" "," "," "," "," "," ",
" "," "," "," "," "," ",
" "," "," "," "," "," ",
" "," "," "," "," "," ",
" "," "," "," "," "," ",
" "," "," "," "," "," ",
" "," "," "," "," "," ",
" "," "," "," "," "," ",
" "," "," "," "," "," ",
" "," "," "," "," "," ",
" "," "," "," "," "," ",
" "," "," "," "," "," ",
" "," "," "," "," "," ",
" "," "," "," "," "," ",
" "," "," "," "," "," ",
" "," "," "," "," "," ",
" "," "," "," "," "," ",
" "," "," "," "," "," ",
" "," "," "," "," "," ",
" "," "," "," "," "," ",
" "," "," "," "," "," ",
" "," "," "," "," "," ",
" "," "," "," "," "," ",
" "," "," "," "," "," ",
" "," "," "," "," "," ",
" "," "," "," "," "," ",
" "," "," "," "," "," ",
" "," "," "," "," "," ",
" "," "," "," "," "," ",
" "," "," "," "," "," ",
" "," "," "," "," "," ",
" "," "," "," "," "," ",
" "," "," "," "," "," ",
" "," "," "," "," "," ",
" "," "," "," "," "," ",
" "," "," "," "," "," ",
" "," "," "," "," "," ",
" "," "," "," "," "," ",
" "," "," "," "," "," ",
" "," "," "," "," "," ",
" "," "," "," "," "," ",
" "," "," "," "," "," ",
" "," "," "," "," "," ",
" "," "," "," "," "," ",
" "," "," "," "," "," ",
" "," "," "," "," "," ",
" "," "," "," "," "," ",
" "," "," "," "," "," ",
" "," "," "," "," "," ",
" "," "," "," "," "," ",
" "," "," "," "," "," ",
" "," "," "," "," "," ",
" "," "," "," "," "," ",
" "," "," "," "," "," ",
" "," "," "," "," "," ",
" "," "," "," "," "," ",
" "," "," "," "," "," ",
" "," "," "," "," "," ",
" "," "," "," "," "," ",
" "," "," "," "," "," ",
" "," "," "," "," "," ",
" "," "," "," "," "," ",
" "," "," "," "," "," ",
" "," "," "," "," "," ",
" "," "," "," "," "," ",
" "," "," "," "," "," ",
" "," "," "," "," "," ",
" "," "," "," "," "," ",
" "," "," "," "," "," ",
" "," "," "," "," "," ",
" "," "," "," "," "," ",
" "," "," "," "," "," ",
" "," "," "," "," "," ",
" "," "," "," "," "," ",
" "," "," "," "," "," ",
" "," "," "," "," "," ",
" "," "," "," "," "," ",
" "," "," "," "," "," ",
" "," "," "," "," "," ",
" "," "," "," "," "," ",
" "," "," "," "," "," ",
" "," "," "," "," "," ",
" "," "," "," "," "," ",
" "," "," "," "," "," ",
" "," "," "," "," "," ",
" "," "," "," "," "," ",
" "," "," "," "," "," ",
" "," "," "," "," "," ",
" "," "," "," "," "," ",
" "," "," "," "," "," ",
" "," "," "," "," "," ",
" "," "," "," "," "," ",
" "," "," "," "," "," ",
" "," "," "," "," "," ",
" "," "," "," "," "," ",
" "," "," "," "," "," ",
" "," "," "," "," "," ",
" "," "," "," "," "," ",
" "," "," "," "," "," ",
" "," "," "," "," "," ",
" "," "," "," "," "," ",
" "," "," "," "," "," ",
" "," "," "," "," "," ",
" "," "," "," "," "," ",
" "," "," "," "," "," ",
" "," "," "," "," "," ",
" "," "," "," "," "," ",
" "," "," "," "," "," ",
" "," "," "," "," "," ",
" "," "," "," "," "," ",
" "," "," "," "," "," ",
" "," "," "," "," "," ",
" "," "," "," "," "," ",
" "," "," "," "," "," ",
" "," "," "," "," "," ",
" "," "," "," "," "," ",
" "," "," "," "," "," ",
" "," "," "," "," "," ",
" "," "," "," "," "," ",
" "," "," "," "," "," ",
" "," "," "," "," "," ",
" "," "," "," "," "," ",
" "," "," "," "," "," ",
" "," "," "," "," "," ",
" "," "," "," "," "," ",
" "," "," "," "," "," ",
" "," "," "," "," "," ",
" "," "," "," "," "," ",
" "," "," "," "," "," ",
" "," "," "," "," "," ",
" "," "," "," "," "," ",
" "," "," "," "," "," ",
" "," "," "," "," "," ",
" "," "," "," "," "," ",
" "," "," "," "," "," ",
" "," "," "," "," "," ",
" "," "," "," "," "," ",
" "," "," "," "," "," ",
" "," "," "," "," "," ",
" "," "," "," "," "," ",
" "," "," "," "," "," ",
" "," "," "," "," "," ",
" "," "," "," "," "," ",
" "," "," "," "," "," ",
" "," "," "," "," "," ",
" "," "," "," "," "," ",
" "," "," "," "," "," ",
" "," "," "," "," "," ",
" "," "," "," "," "," ",
" "," "," "," "," "," ",
" "," "," "," "," "," ",
" "," "," "," "," "," ",
" "," "," "," "," "," ",
" "," "," "," "," "," ",
" "," "," "," "," "," ",
" "," "," "," "," "," ",
" "," "," "," "," "," ",
" "," "," "," "," "," ",
" "," "," "," "," "," ",
" "," "," "," "," "," ",
" "," "," "," "," "," ",
" "," "," "," "," "," ",
" "," "," "," "," "," ",
" "," "," "," "," "," ",
" "," "," "," "," "," ",
" "," "," "," "," "," ",
" "," "," "," "," "," ",
" "," "," "," "," "," ",
" "," "," "," "," "," ",
" "," "," "," "," "," ",
" "," "," "," "," "," ",
" "," "," "," "," "," ",
" "," "," "," "," "," ",
" "," "," "," "," "," ",
" "," "," "," "," "," ",
" "," "," "," "," "," ",
" "," "," "," "," "," ",
" "," "," "," "," "," ",
" "," "," "," "," "," ",
" "," "," "," "," "," ",
" "," "," "," "," "," ",
" "," "," "," "," "," ",
" "," "," "," "," "," ",
" "," "," "," "," "," ",
" "," "," "," "," "," ",
" "," "," "," "," "," ",
" "," "," "," "," "," ",
" "," "," "," "," "," ",
" "," "," "," "," "," ",
" "," "," "," "," "," ",
" "," "," "," "," "," ",
" "," "," "," "," "," ",
" "," "," "," "," "," ",
" "," "," "," "," "," ",
" "," "," "," "," "," ",
" "," "," "," "," "," ",
" "," "," "," "," "," ",
" "," "," "," "," "," ",
" "," "," "," "," "," ",
" "," "," "," "," "," ",
" "," "," "," "," "," ",
" "," "," "," "," "," ",
" "," "," "," "," "," ",
" "," "," "," "," "," ",
" "," "," "," "," "," ",
" "," "," "," "," "," ",
" "," "," "," "," "," ",
" "," "," "," "," "," ",
" "," "," "," "," "," ",
" "," "," "," "," "," ",
" "," "," "," "," "," ",
" "," "," "," "," "," ",
" "," "," "," "," "," ",
" "," "," "," "," "," ",
" "," "," "," "," "," ",
" "," "," "," "," "," ",
" "," "," "," "," "," ",
" "," "," "," "," "," ",
" "," "," "," "," "," ",
" "," "," "," "," "," ",
" "," "," "," "," "," ",
" "," "," "," "," "," ",
" "," "," "," "," "," ",
" "," "," "," "," "," ",
" "," "," "," "," "," ",
" "," "," "," "," "," ",
" "," "," "," "," "," ",
" "," "," "," "," "," ",
" "," "," "," "," "," ",
" "," "," "," "," "," ",
" "," "," "," "," "," ",
" "," "," "," "," "," ",
" "," "," "," "," "," ",
" "," "," "," "," "," ",
" "," "," "," "," "," ",
" "," "," "," "," "," ",
" "," "," "," "," "," ",
" "," "," "," "," "," ",
" "," "," "," "," "," ",
" "," "," "," "," "," ",
" "," "," "," "," "," ",
" "," "," "," "," "," ",
" "," "," "," "," "," ",
" "," "," "," "," "," ",
" "," "," "," "," "," ",
" "," "," "," "," "," ",
" "," "," "," "," "," ",
" "," "," "," "," "," ",
" "," "," "," "," "," ",
" "," "," "," "," "," ",
" "," "," "," "," "," ",
" "," "," "," "," "," ",
" "," "," "," "," "," ",
" "," "," "," "," "," ",
" "," "," "," "," "," ",
